link_title,web_title,bio_url,image_url
Padre Antônio Vieira,Padre Antônio Vieira,https://pt.wikipedia.org/wiki/Padre_Ant%C3%B4nio_Vieira,https://upload.wikimedia.org/wikipedia/commons/2/28/Padre_Ant%C3%B3nio_Vieira.jpg
Gregório de Matos,Gregório de Matos,https://pt.wikipedia.org/wiki/Greg%C3%B3rio_de_Matos,https://upload.wikimedia.org/wikipedia/commons/7/73/Greg%C3%B3rio_de_Matos.jpg
Manuel Botelho de Oliveira,Manuel Botelho de Oliveira,https://pt.wikipedia.org/wiki/Manuel_Botelho_de_Oliveira,
Frei Manuel de Santa Maria Itaparica,Frei Manuel de Santa Maria Itaparica,https://pt.wikipedia.org/wiki/Frei_Manuel_de_Santa_Maria_Itaparica,
Nuno Marques Pereira,Nuno Marques Pereira,https://pt.wikipedia.org/wiki/Nuno_Marques_Pereira,
Sebastião da Rocha Pita,Sebastião da Rocha Pita,https://pt.wikipedia.org/wiki/Sebasti%C3%A3o_da_Rocha_Pita,https://upload.wikimedia.org/wikipedia/commons/7/75/Rocha_Pita.jpg
Frei Vicente do Salvador,Frei Vicente do Salvador,https://pt.wikipedia.org/wiki/Frei_Vicente_do_Salvador,
Bento Teixeira,Bento Teixeira,https://pt.wikipedia.org/wiki/Bento_Teixeira,
Alvarenga Peixoto,Alvarenga Peixoto,https://pt.wikipedia.org/wiki/Alvarenga_Peixoto,
Basílio da Gama,Basílio da Gama,https://pt.wikipedia.org/wiki/Bas%C3%ADlio_da_Gama,https://upload.wikimedia.org/wikipedia/commons/a/ae/Bas%C3%ADlio_da_Gama.jpg
Cláudio Manuel da Costa,Cláudio Manuel da Costa,https://pt.wikipedia.org/wiki/Cl%C3%A1udio_Manuel_da_Costa,https://upload.wikimedia.org/wikipedia/commons/6/63/Claudio_manuel_da_costa.png
Santa Rita Durão,Santa Rita Durão,https://pt.wikipedia.org/wiki/Santa_Rita_Dur%C3%A3o,https://upload.wikimedia.org/wikipedia/commons/8/81/Santa_Rita_Dur%C3%A3o_1981_Brazil_stamp.jpg
Silva Alvarenga,Silva Alvarenga,https://pt.wikipedia.org/wiki/Silva_Alvarenga,
Sousa Caldas,Sousa Caldas,https://pt.wikipedia.org/wiki/Sousa_Caldas,https://upload.wikimedia.org/wikipedia/commons/d/db/Sousa_Caldas.gif
Tomás Antônio Gonzaga,Tomás Antônio Gonzaga,https://pt.wikipedia.org/wiki/Tom%C3%A1s_Ant%C3%B4nio_Gonzaga,https://upload.wikimedia.org/wikipedia/commons/e/eb/Thomaz_Antonio_Gonzaga.jpg
Gonçalves Dias,Gonçalves Dias,https://pt.wikipedia.org/wiki/Gon%C3%A7alves_Dias,https://upload.wikimedia.org/wikipedia/commons/2/21/Gon%C3%A7alves_dias.jpg
Gonçalves de Magalhães,Gonçalves de Magalhães,https://pt.wikipedia.org/wiki/Gon%C3%A7alves_de_Magalh%C3%A3es,https://upload.wikimedia.org/wikipedia/commons/d/d2/Visconde_de_Araguaya.jpg
Manuel de Araújo Porto Alegre,Manuel de Araújo Porto Alegre,https://pt.wikipedia.org/wiki/Manuel_de_Ara%C3%BAjo_Porto_Alegre,https://upload.wikimedia.org/wikipedia/commons/2/20/Manuel_Jos%C3%A9_de_Ara%C3%BAjo_Porto-Alegre.jpg
Álvares de Azevedo,Álvares de Azevedo,https://pt.wikipedia.org/wiki/%C3%81lvares_de_Azevedo,https://upload.wikimedia.org/wikipedia/commons/1/13/%C3%81lvares_de_Azevedo.jpg
Casimiro de Abreu,Casimiro de Abreu,https://pt.wikipedia.org/wiki/Casimiro_de_Abreu,https://upload.wikimedia.org/wikipedia/commons/e/e0/Casimiro_de_Abreu_(Iconogr%C3%A1fico).jpg
Fagundes Varela,Fagundes Varela,https://pt.wikipedia.org/wiki/Fagundes_Varela,https://upload.wikimedia.org/wikipedia/commons/8/8d/Fagundes_Varella.jpg
Junqueira Freire,Junqueira Freire,https://pt.wikipedia.org/wiki/Junqueira_Freire,https://upload.wikimedia.org/wikipedia/commons/0/0a/Junqueira_Freire.jpg
Castro Alves,Castro Alves,https://pt.wikipedia.org/wiki/Castro_Alves,https://upload.wikimedia.org/wikipedia/commons/7/7a/CastroAlves.jpg
Sousândrade,Sousândrade,https://pt.wikipedia.org/wiki/Sous%C3%A2ndrade,https://upload.wikimedia.org/wikipedia/commons/f/f3/Ficheiro%3ASouza_Andrade.jpg
Tobias Barreto,Tobias Barreto,https://pt.wikipedia.org/wiki/Tobias_Barreto,https://upload.wikimedia.org/wikipedia/commons/7/71/Ficheiro%3ANoFonti.svg
Luís Delfino,Luís Delfino,https://pt.wikipedia.org/wiki/Lu%C3%ADs_Delfino,
Joaquim Manuel de Macedo,Joaquim Manuel de Macedo,https://pt.wikipedia.org/wiki/Joaquim_Manuel_de_Macedo,https://upload.wikimedia.org/wikipedia/commons/3/36/Joaquim_Manuel_de_Macedo_1866.png
Franklin Távora,Franklin Távora,https://pt.wikipedia.org/wiki/Franklin_T%C3%A1vora,https://upload.wikimedia.org/wikipedia/commons/3/34/Franklin_T%C3%A1vora.jpg
Luís Caetano Pereira Guimarães Júnior,Luís Caetano Pereira Guimarães Júnior,https://pt.wikipedia.org/wiki/Lu%C3%ADs_Caetano_Pereira_Guimar%C3%A3es_J%C3%BAnior,https://upload.wikimedia.org/wikipedia/commons/9/9c/Guimar%C3%A3esJ%C3%BAnior.jpg
Antônio Joaquim Pereira da Silva,Antônio Joaquim Pereira da Silva,https://pt.wikipedia.org/wiki/Ant%C3%B4nio_Joaquim_Pereira_da_Silva,https://upload.wikimedia.org/wikipedia/commons/6/62/Poeta_Pereira_da_Silva_(retrato_de_formatura)._Primeira_d%C3%A9cada_do_s%C3%A9culo_passado.jpg
José de Alencar,José de Alencar,https://pt.wikipedia.org/wiki/Jos%C3%A9_de_Alencar,https://upload.wikimedia.org/wikipedia/commons/e/ec/Jose_de_Alencar.png
Manuel Antônio de Almeida,Manuel Antônio de Almeida,https://pt.wikipedia.org/wiki/Manuel_Ant%C3%B4nio_de_Almeida,https://upload.wikimedia.org/wikipedia/commons/9/97/Manuel_Antonio_de_Almeida.jpg
Bernardo Guimarães,Bernardo Guimarães,https://pt.wikipedia.org/wiki/Bernardo_Guimar%C3%A3es,
Martins Pena,Martins Pena,https://pt.wikipedia.org/wiki/Martins_Pena,https://upload.wikimedia.org/wikipedia/commons/c/c5/Martins_Pena.jpg
Paulo Eiró,Paulo Eiró,https://pt.wikipedia.org/wiki/Paulo_Eir%C3%B3,
Visconde de Taunay,Visconde de Taunay,https://pt.wikipedia.org/wiki/Visconde_de_Taunay,https://upload.wikimedia.org/wikipedia/commons/9/97/Alfredo_Taunay.JPG
Francisco Sotero dos Reis,Francisco Sotero dos Reis,https://pt.wikipedia.org/wiki/Francisco_Sotero_dos_Reis,https://upload.wikimedia.org/wikipedia/commons/f/fd/Francisco_Sotero_dos_Reis_1873_cropped0.jpg
Joaquim Caetano da Silva,Joaquim Caetano da Silva,https://pt.wikipedia.org/wiki/Joaquim_Caetano_da_Silva,
Francisco de Sales Torres Homem,Francisco de Sales Torres Homem,https://pt.wikipedia.org/wiki/Francisco_de_Sales_Torres_Homem,https://upload.wikimedia.org/wikipedia/commons/2/23/Francisco_de_Sales_Viscount_of_Inhomirim.jpg
João Francisco Lisboa,João Francisco Lisboa,https://pt.wikipedia.org/wiki/Jo%C3%A3o_Francisco_Lisboa,https://upload.wikimedia.org/wikipedia/commons/4/47/Jo%C3%A3o_Francisco_Lisboa.jpg
Justiniano José da Rocha,Justiniano José da Rocha,https://pt.wikipedia.org/wiki/Justiniano_Jos%C3%A9_da_Rocha,
João Manuel Pereira da Silva,João Manuel Pereira da Silva,https://pt.wikipedia.org/wiki/Jo%C3%A3o_Manuel_Pereira_da_Silva,https://upload.wikimedia.org/wikipedia/commons/e/e7/Jo%C3%A3o_Manoel_Pereira_da_Silva_-_Litografia_(cropped-2).jpg
Joaquim Felício dos Santos,Joaquim Felício dos Santos,https://pt.wikipedia.org/wiki/Joaquim_Fel%C3%ADcio_dos_Santos,
Guimarães Júnior,Guimarães Júnior,https://pt.wikipedia.org/wiki/Guimar%C3%A3es_J%C3%BAnior,https://upload.wikimedia.org/wikipedia/commons/9/9c/Guimar%C3%A3esJ%C3%BAnior.jpg
Artur Azevedo,Artur Azevedo,https://pt.wikipedia.org/wiki/Artur_Azevedo,https://upload.wikimedia.org/wikipedia/commons/8/8e/Artur_Azevedo.jpg
Francisco Otaviano,Francisco Otaviano,https://pt.wikipedia.org/wiki/Francisco_Otaviano,https://upload.wikimedia.org/wikipedia/commons/3/32/Francisco_Octaviano.jpg
Machado de Assis,Machado de Assis,https://pt.wikipedia.org/wiki/Machado_de_Assis,https://upload.wikimedia.org/wikipedia/commons/9/98/Machado_de_Assis_1904.jpg
Júlia Lopes de Almeida,Júlia Lopes de Almeida,https://pt.wikipedia.org/wiki/J%C3%BAlia_Lopes_de_Almeida,https://upload.wikimedia.org/wikipedia/commons/7/71/J%C3%BAlia_Lopes_de_Almeida%2C_sem_data.tif
Xavier Marques,Xavier Marques,https://pt.wikipedia.org/wiki/Xavier_Marques,https://upload.wikimedia.org/wikipedia/commons/3/3e/Xavier_Marques.png
Manuel de Oliveira Paiva,Manuel de Oliveira Paiva,https://pt.wikipedia.org/wiki/Manuel_de_Oliveira_Paiva,
Raul Pompéia,Raul Pompéia,https://pt.wikipedia.org/wiki/Raul_Pomp%C3%A9ia,https://upload.wikimedia.org/wikipedia/commons/d/d6/Raul_Pompeia.jpg
Adherbal de Carvalho,Adherbal de Carvalho,https://pt.wikipedia.org/wiki/Adherbal_de_Carvalho,
Adolfo Caminha,Adolfo Caminha,https://pt.wikipedia.org/wiki/Adolfo_Caminha,
Aluísio Azevedo,Aluísio Azevedo,https://pt.wikipedia.org/wiki/Alu%C3%ADsio_Azevedo,https://upload.wikimedia.org/wikipedia/commons/4/4e/Aluisio_Azevedo.jpg
Domingos Olímpio,Domingos Olímpio,https://pt.wikipedia.org/wiki/Domingos_Ol%C3%ADmpio,
Inglês de Sousa,Inglês de Sousa,https://pt.wikipedia.org/wiki/Ingl%C3%AAs_de_Sousa,https://upload.wikimedia.org/wikipedia/commons/b/be/Ingl%C3%AAs_de_Souza.jpg
Júlio Ribeiro,Júlio Ribeiro,https://pt.wikipedia.org/wiki/J%C3%BAlio_Ribeiro,
Mario Totta,Mario Totta,https://pt.wikipedia.org/wiki/Mario_Totta,https://upload.wikimedia.org/wikipedia/commons/2/2a/Faculdade_de_Medicina_da_Universidade_Federal_do_Rio_Grande_do_Sul_(Campus_Sa%C3%BAde)_011_M%C3%A1rio_Totta.JPG
Ferreira Leal,Ferreira Leal,https://pt.wikipedia.org/wiki/Ferreira_Leal,
Paulino Azurenha,Paulino Azurenha,https://pt.wikipedia.org/wiki/Paulino_Azurenha,
Paulo Marques de Oliveira,Paulo Marques de Oliveira,https://pt.wikipedia.org/wiki/Paulo_Marques_de_Oliveira,
José Carlos de Sousa Lobo,José Carlos de Sousa Lobo,https://pt.wikipedia.org/wiki/Jos%C3%A9_Carlos_de_Sousa_Lobo,
Figueiredo Pimentel,Figueiredo Pimentel,https://pt.wikipedia.org/wiki/Figueiredo_Pimentel,
Max Fleiuss,Max Fleiuss,https://pt.wikipedia.org/wiki/Max_Fleiuss,
Pápi Júnior,Pápi Júnior,https://pt.wikipedia.org/wiki/P%C3%A1pi_J%C3%BAnior,
Coelho Neto,Coelho Neto,https://pt.wikipedia.org/wiki/Coelho_Neto,https://upload.wikimedia.org/wikipedia/commons/6/64/Coelho_Neto.jpg
Rodolfo Teófilo,Rodolfo Teófilo,https://pt.wikipedia.org/wiki/Rodolfo_Te%C3%B3filo,
Maria Benedita Bormann,Maria Benedita Bormann,https://pt.wikipedia.org/wiki/Maria_Benedita_Bormann,https://upload.wikimedia.org/wikipedia/commons/b/b8/Mulheres_Ilustres_do_Brasil_-_D%C3%A9lia_(Maria_Benedicta_de_Borghman)_(cropped).png
Marques de Carvalho,Marques de Carvalho,https://pt.wikipedia.org/wiki/Marques_de_Carvalho,
Horácio de Carvalho,Horácio de Carvalho,https://pt.wikipedia.org/wiki/Hor%C3%A1cio_de_Carvalho,
Antônio Sales,Antônio Sales,https://pt.wikipedia.org/wiki/Ant%C3%B4nio_Sales,
Carlos Dias Fernandes,Carlos Dias Fernandes,https://pt.wikipedia.org/wiki/Carlos_Dias_Fernandes,https://upload.wikimedia.org/wikipedia/commons/0/03/Carlos_Dias_Fernandes.jpg
Antônio de Oliveira (escritor),Antônio de Oliveira (escritor),https://pt.wikipedia.org/wiki/Ant%C3%B4nio_de_Oliveira_(escritor),
Emília Bandeira de Melo,Emília Bandeira de Melo,https://pt.wikipedia.org/wiki/Em%C3%ADlia_Bandeira_de_Melo,
Canto e Mello,Canto e Mello,https://pt.wikipedia.org/wiki/Canto_e_Mello,
Avelino Fóscolo,Avelino Fóscolo,https://pt.wikipedia.org/wiki/Avelino_F%C3%B3scolo,https://upload.wikimedia.org/wikipedia/commons/5/57/Avelino_F%C3%B3scolo_2.jpg
Cardoso de Oliveira,Cardoso de Oliveira,https://pt.wikipedia.org/wiki/Cardoso_de_Oliveira,
Pardal Mallet,Pardal Mallet,https://pt.wikipedia.org/wiki/Pardal_Mallet,https://upload.wikimedia.org/wikipedia/commons/a/a3/Pardal_Mallet.jpg
Baptista Cepellos,Baptista Cepellos,https://pt.wikipedia.org/wiki/Baptista_Cepellos,https://upload.wikimedia.org/wikipedia/commons/8/8f/Busto_de_Batista_Cepelos.jpg
Faria Neves Sobrinho,Faria Neves Sobrinho,https://pt.wikipedia.org/wiki/Faria_Neves_Sobrinho,
Carneiro Vilela,Carneiro Vilela,https://pt.wikipedia.org/wiki/Carneiro_Vilela,
Theotônio Freire,Theotônio Freire,https://pt.wikipedia.org/wiki/Theot%C3%B4nio_Freire,
Manoel Arão de Oliveira Campos,Manoel Arão de Oliveira Campos,https://pt.wikipedia.org/wiki/Manoel_Ar%C3%A3o_de_Oliveira_Campos,
Afonso Celso,Afonso Celso,https://pt.wikipedia.org/wiki/Afonso_Celso,https://upload.wikimedia.org/wikipedia/commons/5/57/Afonso_Celso.jpg
Alberto de Oliveira,Alberto de Oliveira,https://pt.wikipedia.org/wiki/Alberto_de_Oliveira,https://upload.wikimedia.org/wikipedia/commons/8/85/Alberto_de_Oliveira_(Iconogr%C3%A1fico).jpg
Bastos Tigre,Bastos Tigre,https://pt.wikipedia.org/wiki/Bastos_Tigre,https://upload.wikimedia.org/wikipedia/commons/d/d1/Bastos_Tigre_1944.png
Emílio de Menezes,Emílio de Menezes,https://pt.wikipedia.org/wiki/Em%C3%ADlio_de_Menezes,https://upload.wikimedia.org/wikipedia/commons/8/81/Em%C3%ADlio_de_Meneses_1911.png
Félix Pacheco,Félix Pacheco,https://pt.wikipedia.org/wiki/F%C3%A9lix_Pacheco,https://upload.wikimedia.org/wikipedia/commons/4/40/Jos%C3%A9_F%C3%A9lix_Alves_Pacheco.jpg
Francisca Júlia,Francisca Júlia,https://pt.wikipedia.org/wiki/Francisca_J%C3%BAlia,https://upload.wikimedia.org/wikipedia/commons/2/24/Fjulia.jpg
José Maria Goulart de Andrade,José Maria Goulart de Andrade,https://pt.wikipedia.org/wiki/Jos%C3%A9_Maria_Goulart_de_Andrade,
Humberto de Campos,Humberto de Campos,https://pt.wikipedia.org/wiki/Humberto_de_Campos,https://upload.wikimedia.org/wikipedia/commons/1/1e/Humberto_de_Campos_(1926).tiff
João Batista Ribeiro de Andrade Fernandes,João Batista Ribeiro de Andrade Fernandes,https://pt.wikipedia.org/wiki/Jo%C3%A3o_Batista_Ribeiro_de_Andrade_Fernandes,https://upload.wikimedia.org/wikipedia/commons/d/da/Jo%C3%A3o_Ribeiro.jpg
Júlia Cortines,Júlia Cortines,https://pt.wikipedia.org/wiki/J%C3%BAlia_Cortines,
Luís Carlos da Fonseca Monteiro de Barros,Luís Carlos da Fonseca Monteiro de Barros,https://pt.wikipedia.org/wiki/Lu%C3%ADs_Carlos_da_Fonseca_Monteiro_de_Barros,
Luís Guimarães,Luís Guimarães,https://pt.wikipedia.org/wiki/Lu%C3%ADs_Guimar%C3%A3es,
Magalhães de Azeredo,Magalhães de Azeredo,https://pt.wikipedia.org/wiki/Magalh%C3%A3es_de_Azeredo,https://upload.wikimedia.org/wikipedia/commons/f/f2/Pedro_Weing%C3%A4rtner_-_Retrato_do_Embaixador_Carlos_Magalh%C3%A3es_de_Azeredo%2C_1903.jpg
Martins Fontes,Martins Fontes,https://pt.wikipedia.org/wiki/Martins_Fontes,
Olavo Bilac,Olavo Bilac,https://pt.wikipedia.org/wiki/Olavo_Bilac,https://upload.wikimedia.org/wikipedia/commons/e/e7/Olavobil.jpg
Olegário Mariano,Olegário Mariano,https://pt.wikipedia.org/wiki/Oleg%C3%A1rio_Mariano,https://upload.wikimedia.org/wikipedia/commons/8/82/M%C3%A1rio_de_Alencar_e_Oleg%C3%A1rio_Mariano_(1909).tif
Raimundo Correia,Raimundo Correia,https://pt.wikipedia.org/wiki/Raimundo_Correia,https://upload.wikimedia.org/wikipedia/commons/c/c1/Raymundo_Corr%C3%AAa_(Iconogr%C3%A1fico).jpg
Rodrigo Otávio,Rodrigo Otávio,https://pt.wikipedia.org/wiki/Rodrigo_Ot%C3%A1vio,
Valentim Magalhães,Valentim Magalhães,https://pt.wikipedia.org/wiki/Valentim_Magalh%C3%A3es,
Vicente de Carvalho,Vicente de Carvalho,https://pt.wikipedia.org/wiki/Vicente_de_Carvalho,https://upload.wikimedia.org/wikipedia/commons/c/cb/Vicente_Carvalho.jpg
Alphonsus de Guimaraens,Alphonsus de Guimaraens,https://pt.wikipedia.org/wiki/Alphonsus_de_Guimaraens,https://upload.wikimedia.org/wikipedia/commons/7/76/Alphonsus_de_Guimaraens_(facing_left).jpg
Artur de Sales,Artur de Sales,https://pt.wikipedia.org/wiki/Artur_de_Sales,
Cruz e Sousa,Cruz e Sousa,https://pt.wikipedia.org/wiki/Cruz_e_Sousa,https://upload.wikimedia.org/wikipedia/commons/3/35/Cruz_e_Sousa.jpg
Pedro Kilkerry,Pedro Kilkerry,https://pt.wikipedia.org/wiki/Pedro_Kilkerry,https://upload.wikimedia.org/wikipedia/commons/b/bc/Ficheiro%3APedro_Kilkerry.jpg
Nestor Vítor,Nestor Vítor,https://pt.wikipedia.org/wiki/Nestor_V%C3%ADtor,
Augusto dos Anjos,Augusto dos Anjos,https://pt.wikipedia.org/wiki/Augusto_dos_Anjos,https://upload.wikimedia.org/wikipedia/commons/e/eb/Augusto_Anjos.jpg
Euclides da Cunha,Euclides da Cunha,https://pt.wikipedia.org/wiki/Euclides_da_Cunha,https://upload.wikimedia.org/wikipedia/commons/9/93/Euclides_da_Cunha.jpg
Graça Aranha,Graça Aranha,https://pt.wikipedia.org/wiki/Gra%C3%A7a_Aranha,https://upload.wikimedia.org/wikipedia/commons/5/58/Gra%C3%A7a_Aranha%2C_sem_data.tif
Lima Barreto (escritor),Lima Barreto (escritor),https://pt.wikipedia.org/wiki/Lima_Barreto_(escritor),https://upload.wikimedia.org/wikipedia/commons/0/0f/LimaBarreto.jpg
Monteiro Lobato,Monteiro Lobato,https://pt.wikipedia.org/wiki/Monteiro_Lobato,https://upload.wikimedia.org/wikipedia/commons/d/d2/Monteiro_Lobato.jpg
Raul de Leoni,Raul de Leoni,https://pt.wikipedia.org/wiki/Raul_de_Leoni,
Antônio de Alcântara Machado,Antônio de Alcântara Machado,https://pt.wikipedia.org/wiki/Ant%C3%B4nio_de_Alc%C3%A2ntara_Machado,https://upload.wikimedia.org/wikipedia/commons/4/41/Alcantara_Machado_foto.jpg
Augusto Frederico Schmidt,Augusto Frederico Schmidt,https://pt.wikipedia.org/wiki/Augusto_Frederico_Schmidt,
Carlos Drummond de Andrade,Carlos Drummond de Andrade,https://pt.wikipedia.org/wiki/Carlos_Drummond_de_Andrade,https://upload.wikimedia.org/wikipedia/commons/3/36/Carlos_Drummond_de_Andrade%2C_1970.tif
Cecília Meireles,Cecília Meireles,https://pt.wikipedia.org/wiki/Cec%C3%ADlia_Meireles,https://upload.wikimedia.org/wikipedia/commons/3/3d/Cec%C3%ADlia_Meireles.jpeg
Cassiano Ricardo,Cassiano Ricardo,https://pt.wikipedia.org/wiki/Cassiano_Ricardo,https://upload.wikimedia.org/wikipedia/commons/f/f9/Cassiano_Ricardo_At_The_ABL_1937.jpg
Cornélio Pena,Cornélio Pena,https://pt.wikipedia.org/wiki/Corn%C3%A9lio_Pena,
Cyro dos Anjos,Cyro dos Anjos,https://pt.wikipedia.org/wiki/Cyro_dos_Anjos,https://upload.wikimedia.org/wikipedia/commons/e/e2/Cyro_dos_Anjos%2C_1969.tif
Dante Milano,Dante Milano,https://pt.wikipedia.org/wiki/Dante_Milano,
Érico Veríssimo,Érico Veríssimo,https://pt.wikipedia.org/wiki/%C3%89rico_Ver%C3%ADssimo,https://upload.wikimedia.org/wikipedia/commons/5/55/Retrato-erico-revista-do-globo-reproducao.jpg
Euclides Neto,Euclides Neto,https://pt.wikipedia.org/wiki/Euclides_Neto,
Graciliano Ramos,Graciliano Ramos,https://pt.wikipedia.org/wiki/Graciliano_Ramos,https://upload.wikimedia.org/wikipedia/commons/0/09/GracilianoRamos.jpg
Guilherme de Almeida,Guilherme de Almeida,https://pt.wikipedia.org/wiki/Guilherme_de_Almeida,https://upload.wikimedia.org/wikipedia/commons/f/f1/Guilherme_de_Almeida_at_ABL_1930.jpg
Henriqueta Lisboa,Henriqueta Lisboa,https://pt.wikipedia.org/wiki/Henriqueta_Lisboa,https://upload.wikimedia.org/wikipedia/commons/f/f1/Imagem%3AEstatua_savassi.JPG
Jorge Amado,Jorge Amado,https://pt.wikipedia.org/wiki/Jorge_Amado,https://upload.wikimedia.org/wikipedia/commons/1/1d/Jorge_Amado%2C_1970.tif
Jorge de Lima,Jorge de Lima,https://pt.wikipedia.org/wiki/Jorge_de_Lima,https://upload.wikimedia.org/wikipedia/commons/4/4e/Jorge_de_Lima%2C_anos_1940.tif
José Américo de Almeida,José Américo de Almeida,https://pt.wikipedia.org/wiki/Jos%C3%A9_Am%C3%A9rico_de_Almeida,https://upload.wikimedia.org/wikipedia/commons/2/26/Jos%C3%A9_Am%C3%A9rico_de_Almeida_no_Catete..tif
José Geraldo Vieira,José Geraldo Vieira,https://pt.wikipedia.org/wiki/Jos%C3%A9_Geraldo_Vieira,
José Lins do Rego,José Lins do Rego,https://pt.wikipedia.org/wiki/Jos%C3%A9_Lins_do_Rego,https://upload.wikimedia.org/wikipedia/commons/0/07/Jose_lins_1918.jpg
Juó Bananère,Juó Bananère,https://pt.wikipedia.org/wiki/Ju%C3%B3_Banan%C3%A8re,https://upload.wikimedia.org/wikipedia/commons/3/3a/Bananere.jpg
Lúcio Cardoso,Lúcio Cardoso,https://pt.wikipedia.org/wiki/L%C3%BAcio_Cardoso,https://upload.wikimedia.org/wikipedia/commons/b/b8/Lucio_cardoso.jpg
Manuel Bandeira,Manuel Bandeira,https://pt.wikipedia.org/wiki/Manuel_Bandeira,https://upload.wikimedia.org/wikipedia/commons/5/5a/Manuel_Bandeira%2C_1966.tif
Mário de Andrade,Mário de Andrade,https://pt.wikipedia.org/wiki/M%C3%A1rio_de_Andrade,https://upload.wikimedia.org/wikipedia/commons/1/13/Mario_de_andrade_1928b.png
Mario Quintana,Mario Quintana,https://pt.wikipedia.org/wiki/Mario_Quintana,https://upload.wikimedia.org/wikipedia/commons/a/a8/M%C3%A1rio_Quintana%2C_1966.tif
Marques Rebelo,Marques Rebelo,https://pt.wikipedia.org/wiki/Marques_Rebelo,https://upload.wikimedia.org/wikipedia/commons/5/5a/Marques_Rebelo%2C_1965.tif
Menotti Del Picchia,Menotti Del Picchia,https://pt.wikipedia.org/wiki/Menotti_Del_Picchia,https://upload.wikimedia.org/wikipedia/commons/2/26/Menotti_del_Picchia.jpg
Murilo Mendes,Murilo Mendes,https://pt.wikipedia.org/wiki/Murilo_Mendes,https://upload.wikimedia.org/wikipedia/commons/8/88/Ismael_Nery_-_Retrato_de_Murilo_Mendes%2C_1922.jpg
Oswald de Andrade,Oswald de Andrade,https://pt.wikipedia.org/wiki/Oswald_de_Andrade,https://upload.wikimedia.org/wikipedia/commons/8/8c/Oswald_de_andrade_1920.jpg
Otávio de Faria,Otávio de Faria,https://pt.wikipedia.org/wiki/Ot%C3%A1vio_de_Faria,https://upload.wikimedia.org/wikipedia/commons/2/2e/Ot%C3%A1vio_de_Faria.tif
Pagu,Pagu,https://pt.wikipedia.org/wiki/Pagu,https://upload.wikimedia.org/wikipedia/commons/f/f2/Patricia_Galvao.jpg
Rachel de Queiroz,Rachel de Queiroz,https://pt.wikipedia.org/wiki/Rachel_de_Queiroz,https://upload.wikimedia.org/wikipedia/commons/1/1a/Rachel_de_Queiroz%2C_1971.tif
Raul Bopp,Raul Bopp,https://pt.wikipedia.org/wiki/Raul_Bopp,https://upload.wikimedia.org/wikipedia/commons/b/b4/Raul_Bopp_cropped.jpg
Ribeiro Couto,Ribeiro Couto,https://pt.wikipedia.org/wiki/Ribeiro_Couto,
Ronald de Carvalho,Ronald de Carvalho,https://pt.wikipedia.org/wiki/Ronald_de_Carvalho,
Vinícius de Morais,Vinícius de Morais,https://pt.wikipedia.org/wiki/Vin%C3%ADcius_de_Morais,https://upload.wikimedia.org/wikipedia/commons/1/19/Vinicius.jpg
Adalgisa Nery,Adalgisa Nery,https://pt.wikipedia.org/wiki/Adalgisa_Nery,https://upload.wikimedia.org/wikipedia/commons/2/2b/Adalgisa_Nery.JPG
Clarice Lispector,Clarice Lispector,https://pt.wikipedia.org/wiki/Clarice_Lispector,https://upload.wikimedia.org/wikipedia/commons/5/5a/Clarice_Lispector.jpg
Dalcídio Jurandir,Dalcídio Jurandir,https://pt.wikipedia.org/wiki/Dalc%C3%ADdio_Jurandir,
Elisa Lispector,Elisa Lispector,https://pt.wikipedia.org/wiki/Elisa_Lispector,https://upload.wikimedia.org/wikipedia/commons/1/1e/Elisa_Lispector%2C_sem_data.tif
Geir Campos,Geir Campos,https://pt.wikipedia.org/wiki/Geir_Campos,https://upload.wikimedia.org/wikipedia/commons/6/66/Foto_Geir-escala_de_cinza-02.jpg
Guimarães Rosa,Guimarães Rosa,https://pt.wikipedia.org/wiki/Guimar%C3%A3es_Rosa,https://upload.wikimedia.org/wikipedia/commons/c/c9/Guimar%C3%A3es_Rosa%2C_anos_1960.tif
João Cabral de Melo Neto,João Cabral de Melo Neto,https://pt.wikipedia.org/wiki/Jo%C3%A3o_Cabral_de_Melo_Neto,https://upload.wikimedia.org/wikipedia/commons/a/a0/JoaoCabral.JPG
Jorge Andrade (dramaturgo),Jorge Andrade (dramaturgo),https://pt.wikipedia.org/wiki/Jorge_Andrade_(dramaturgo),
Lêdo Ivo,Lêdo Ivo,https://pt.wikipedia.org/wiki/L%C3%AAdo_Ivo,https://upload.wikimedia.org/wikipedia/commons/e/e6/Ledo_Ivo.jpg
Mauro Mota,Mauro Mota,https://pt.wikipedia.org/wiki/Mauro_Mota,https://upload.wikimedia.org/wikipedia/commons/2/23/Posse_de_Mauro_Mota_na_ABL_(1970).tif
Geraldo Vidigal,Geraldo Vidigal,https://pt.wikipedia.org/wiki/Geraldo_Vidigal,
Domingos Carvalho da Silva,Domingos Carvalho da Silva,https://pt.wikipedia.org/wiki/Domingos_Carvalho_da_Silva,
Nelson Rodrigues,Nelson Rodrigues,https://pt.wikipedia.org/wiki/Nelson_Rodrigues,https://upload.wikimedia.org/wikipedia/commons/d/d8/Nelson_Rodrigues_(1971).tif
Péricles Eugênio da Silva Ramos,Péricles Eugênio da Silva Ramos,https://pt.wikipedia.org/wiki/P%C3%A9ricles_Eug%C3%AAnio_da_Silva_Ramos,
Ferreira Gullar,Ferreira Gullar,https://pt.wikipedia.org/wiki/Ferreira_Gullar,https://upload.wikimedia.org/wikipedia/commons/1/1b/Ferreira_Gullar_no_Fronteiras_do_Pensamento_S%C3%A3o_Paulo_2015_(21676563690).jpg
Décio Pignatari,Décio Pignatari,https://pt.wikipedia.org/wiki/D%C3%A9cio_Pignatari,
Haroldo de Campos,Haroldo de Campos,https://pt.wikipedia.org/wiki/Haroldo_de_Campos,
Augusto de Campos,Augusto de Campos,https://pt.wikipedia.org/wiki/Augusto_de_Campos,https://upload.wikimedia.org/wikipedia/commons/6/6f/Ordem_do_M%C3%A9rito_Cultural_(OMC)_2015_(22505512727).jpg
Adélia Prado,Adélia Prado,https://pt.wikipedia.org/wiki/Ad%C3%A9lia_Prado,https://upload.wikimedia.org/wikipedia/commons/8/84/Adelia_prado_2014_flickr.jpg
Adonias Filho,Adonias Filho,https://pt.wikipedia.org/wiki/Adonias_Filho,https://upload.wikimedia.org/wikipedia/commons/6/6c/Adonias_Aguiar_Filho.tiff
Affonso Romano de Sant'Anna,Affonso Romano de Sant'Anna,https://pt.wikipedia.org/wiki/Affonso_Romano_de_Sant%27Anna,https://upload.wikimedia.org/wikipedia/commons/8/89/Affonso_Romano_de_Santanna.jpg
Aidenor Aires,Aidenor Aires,https://pt.wikipedia.org/wiki/Aidenor_Aires,
Alberto Mussa,Alberto Mussa,https://pt.wikipedia.org/wiki/Alberto_Mussa,https://upload.wikimedia.org/wikipedia/commons/6/63/AlbertoMussa.jpg
Álvaro Cardoso Gomes,Álvaro Cardoso Gomes,https://pt.wikipedia.org/wiki/%C3%81lvaro_Cardoso_Gomes,
Ana Maria Machado,Ana Maria Machado,https://pt.wikipedia.org/wiki/Ana_Maria_Machado,https://upload.wikimedia.org/wikipedia/commons/9/9a/anamariamachado2013.jpg
Ana Miranda,Ana Miranda,https://pt.wikipedia.org/wiki/Ana_Miranda,
Ana Cristina Cesar,Ana Cristina Cesar,https://pt.wikipedia.org/wiki/Ana_Cristina_Cesar,
Angela Dutra de Menezes,Angela Dutra de Menezes,https://pt.wikipedia.org/wiki/Angela_Dutra_de_Menezes,
Antônio Callado,Antônio Callado,https://pt.wikipedia.org/wiki/Ant%C3%B4nio_Callado,
Antônio Carlos Viana,Antônio Carlos Viana,https://pt.wikipedia.org/wiki/Ant%C3%B4nio_Carlos_Viana,
Antônio Torres,Antônio Torres,https://pt.wikipedia.org/wiki/Ant%C3%B4nio_Torres,https://upload.wikimedia.org/wikipedia/commons/7/7f/Ant%C3%B4nio_Torres.jpg
Ariano Suassuna,Ariano Suassuna,https://pt.wikipedia.org/wiki/Ariano_Suassuna,https://upload.wikimedia.org/wikipedia/commons/b/b8/Ariano_Suassuna.jpg
Armando Freitas Filho,Armando Freitas Filho,https://pt.wikipedia.org/wiki/Armando_Freitas_Filho,https://upload.wikimedia.org/wikipedia/commons/5/5e/ArmandoFreitasFilho.jpg
Augusto Boal,Augusto Boal,https://pt.wikipedia.org/wiki/Augusto_Boal,https://upload.wikimedia.org/wikipedia/commons/2/22/Augusto_Boal.jpg
Autran Dourado,Autran Dourado,https://pt.wikipedia.org/wiki/Autran_Dourado,
Bernardo Élis,Bernardo Élis,https://pt.wikipedia.org/wiki/Bernardo_%C3%89lis,https://upload.wikimedia.org/wikipedia/commons/f/f2/Bernardo_Ellis.tif
Bernardo Carvalho,Bernardo Carvalho,https://pt.wikipedia.org/wiki/Bernardo_Carvalho,https://upload.wikimedia.org/wikipedia/commons/f/fc/Ficheiro%3ABernardo_Carvalho.JPG
Bruno Tolentino,Bruno Tolentino,https://pt.wikipedia.org/wiki/Bruno_Tolentino,https://upload.wikimedia.org/wikipedia/commons/e/ec/Bruno_Tolentino.jpg
Cacaso,Cacaso,https://pt.wikipedia.org/wiki/Cacaso,https://upload.wikimedia.org/wikipedia/commons/c/cc/Cacaso.file.jpg
Caio Fernando Abreu,Caio Fernando Abreu,https://pt.wikipedia.org/wiki/Caio_Fernando_Abreu,
Campos de Carvalho,Campos de Carvalho,https://pt.wikipedia.org/wiki/Campos_de_Carvalho,
Carlos Heitor Cony,Carlos Heitor Cony,https://pt.wikipedia.org/wiki/Carlos_Heitor_Cony,https://upload.wikimedia.org/wikipedia/commons/8/87/Cony_carlos_heitor.jpg
Carlos Herculano Lopes,Carlos Herculano Lopes,https://pt.wikipedia.org/wiki/Carlos_Herculano_Lopes,
Carlos Nascimento Silva,Carlos Nascimento Silva,https://pt.wikipedia.org/wiki/Carlos_Nascimento_Silva,
Carlos Nejar,Carlos Nejar,https://pt.wikipedia.org/wiki/Carlos_Nejar,https://upload.wikimedia.org/wikipedia/commons/b/bb/Academia_de_Letras_de_Bras%C3%ADlia_homenageia_poeta_Carlos_Nejar_(36128101554).jpg
Chico Buarque de Holanda,Chico Buarque de Holanda,https://pt.wikipedia.org/wiki/Chico_Buarque_de_Holanda,https://upload.wikimedia.org/wikipedia/commons/9/90/Chico_Buarque_no_BRAVO.jpg
Cora Coralina,Cora Coralina,https://pt.wikipedia.org/wiki/Cora_Coralina,https://upload.wikimedia.org/wikipedia/commons/d/db/Cora_Coralina.jpg
Cristóvão Tezza,Cristóvão Tezza,https://pt.wikipedia.org/wiki/Crist%C3%B3v%C3%A3o_Tezza,https://upload.wikimedia.org/wikipedia/commons/1/17/Cristovao_Tezza_por_Guilherme_Pupo.jpg
Dalton Trevisan,Dalton Trevisan,https://pt.wikipedia.org/wiki/Dalton_Trevisan,
Dias Gomes,Dias Gomes,https://pt.wikipedia.org/wiki/Dias_Gomes,https://upload.wikimedia.org/wikipedia/commons/a/ae/Dias-gomes-escritor1922-1999.arquivo..jpg
Domício Proença Filho,Domício Proença Filho,https://pt.wikipedia.org/wiki/Dom%C3%ADcio_Proen%C3%A7a_Filho,https://upload.wikimedia.org/wikipedia/commons/f/fa/Domicio.jpg
Donizete Galvão,Donizete Galvão,https://pt.wikipedia.org/wiki/Donizete_Galv%C3%A3o,https://upload.wikimedia.org/wikipedia/commons/d/d7/Donizete_Galv%C3%A3o.jpg
Edla Van Steen,Edla Van Steen,https://pt.wikipedia.org/wiki/Edla_Van_Steen,
Eduardo Spohr,Eduardo Spohr,https://pt.wikipedia.org/wiki/Eduardo_Spohr,https://upload.wikimedia.org/wikipedia/commons/6/6e/Eduardo_spohr.jpg
Elias José,Elias José,https://pt.wikipedia.org/wiki/Elias_Jos%C3%A9,
Esdras do Nascimento,Esdras do Nascimento,https://pt.wikipedia.org/wiki/Esdras_do_Nascimento,
Fernando Sabino,Fernando Sabino,https://pt.wikipedia.org/wiki/Fernando_Sabino,https://upload.wikimedia.org/wikipedia/commons/3/3d/Fernando_Sabino%2C_sem_data.tif
Francisco Alvim,Francisco Alvim,https://pt.wikipedia.org/wiki/Francisco_Alvim,
Geraldo Ferraz,Geraldo Ferraz,https://pt.wikipedia.org/wiki/Geraldo_Ferraz,
Gianfrancesco Guarnieri,Gianfrancesco Guarnieri,https://pt.wikipedia.org/wiki/Gianfrancesco_Guarnieri,https://upload.wikimedia.org/wikipedia/commons/d/d5/Guarnieri.jpg
Gabriel de Paula Machado,Gabriel de Paula Machado,https://pt.wikipedia.org/wiki/Gabriel_de_Paula_Machado,https://upload.wikimedia.org/wikipedia/commons/f/fa/Gabriel_Paula_Machado.jpg
Harry Laus,Harry Laus,https://pt.wikipedia.org/wiki/Harry_Laus,
Herberto Sales,Herberto Sales,https://pt.wikipedia.org/wiki/Herberto_Sales,
Hilda Hilst,Hilda Hilst,https://pt.wikipedia.org/wiki/Hilda_Hilst,https://upload.wikimedia.org/wikipedia/commons/8/80/Hilda_Hilst%2C_1970.tif
Horácio Costa,Horácio Costa,https://pt.wikipedia.org/wiki/Hor%C3%A1cio_Costa,
Ignácio de Loyola Brandão,Ignácio de Loyola Brandão,https://pt.wikipedia.org/wiki/Ign%C3%A1cio_de_Loyola_Brand%C3%A3o,https://upload.wikimedia.org/wikipedia/commons/7/72/Ignacio_loyola_brandao.jpg
Izomar Camargo Guilherme,Izomar Camargo Guilherme,https://pt.wikipedia.org/wiki/Izomar_Camargo_Guilherme,
Jamesson Buarque,Jamesson Buarque,https://pt.wikipedia.org/wiki/Jamesson_Buarque,
João Almino,João Almino,https://pt.wikipedia.org/wiki/Jo%C3%A3o_Almino,https://upload.wikimedia.org/wikipedia/commons/b/b1/Jo%C3%A3o_Almino_01.jpg
João Antônio,João Antônio,https://pt.wikipedia.org/wiki/Jo%C3%A3o_Ant%C3%B4nio,
João Gilberto Noll,João Gilberto Noll,https://pt.wikipedia.org/wiki/Jo%C3%A3o_Gilberto_Noll,
João Ubaldo Ribeiro,João Ubaldo Ribeiro,https://pt.wikipedia.org/wiki/Jo%C3%A3o_Ubaldo_Ribeiro,https://upload.wikimedia.org/wikipedia/commons/8/84/Joao_Ubaldo_Ribeiro.jpg
Joel Silveira,Joel Silveira,https://pt.wikipedia.org/wiki/Joel_Silveira,
José Cândido de Carvalho,José Cândido de Carvalho,https://pt.wikipedia.org/wiki/Jos%C3%A9_C%C3%A2ndido_de_Carvalho,https://upload.wikimedia.org/wikipedia/commons/8/82/semimbio
José Clemente Pozenato,José Clemente Pozenato,https://pt.wikipedia.org/wiki/Jos%C3%A9_Clemente_Pozenato,
José Godoy Garcia,José Godoy Garcia,https://pt.wikipedia.org/wiki/Jos%C3%A9_Godoy_Garcia,
José J. Veiga,José J. Veiga,https://pt.wikipedia.org/wiki/Jos%C3%A9_J._Veiga,
José Paulo Paes,José Paulo Paes,https://pt.wikipedia.org/wiki/Jos%C3%A9_Paulo_Paes,
José Roberto Torero,José Roberto Torero,https://pt.wikipedia.org/wiki/Jos%C3%A9_Roberto_Torero,
Josué Montello,Josué Montello,https://pt.wikipedia.org/wiki/Josu%C3%A9_Montello,https://upload.wikimedia.org/wikipedia/commons/9/93/Josu%C3%A9_Montello.jpg
José Sarney,José Sarney,https://pt.wikipedia.org/wiki/Jos%C3%A9_Sarney,https://upload.wikimedia.org/wikipedia/commons/f/fb/Foto_Oficial_Sarney_EBC.jpg
Leo Vaz,Leo Vaz,https://pt.wikipedia.org/wiki/Leo_Vaz,
Lindanor Celina,Lindanor Celina,https://pt.wikipedia.org/wiki/Lindanor_Celina,
Lindolfo Rocha,Lindolfo Rocha,https://pt.wikipedia.org/wiki/Lindolfo_Rocha,https://upload.wikimedia.org/wikipedia/commons/4/4f/Lindolfo-Rocha.jpg
Livia Garcia-Roza,Livia Garcia-Roza,https://pt.wikipedia.org/wiki/Livia_Garcia-Roza,
Luís Fernando Veríssimo,Luís Fernando Veríssimo,https://pt.wikipedia.org/wiki/Lu%C3%ADs_Fernando_Ver%C3%ADssimo,https://upload.wikimedia.org/wikipedia/commons/6/63/Lu%C3%ADs_Fernando_Ver%C3%ADssimo.jpg
Luiz Antonio de Assis Brasil,Luiz Antonio de Assis Brasil,https://pt.wikipedia.org/wiki/Luiz_Antonio_de_Assis_Brasil,
Luiz Vilela,Luiz Vilela,https://pt.wikipedia.org/wiki/Luiz_Vilela,
Lya Luft,Lya Luft,https://pt.wikipedia.org/wiki/Lya_Luft,https://upload.wikimedia.org/wikipedia/commons/8/8b/Lya_Luft.jpg
Lygia Fagundes Teles,Lygia Fagundes Teles,https://pt.wikipedia.org/wiki/Lygia_Fagundes_Teles,https://upload.wikimedia.org/wikipedia/commons/d/da/Lygia_Fagundes_Telles_-_MinC_(7)_cropped.jpg
Manoel Carlos Karam,Manoel Carlos Karam,https://pt.wikipedia.org/wiki/Manoel_Carlos_Karam,
Manoel de Barros,Manoel de Barros,https://pt.wikipedia.org/wiki/Manoel_de_Barros,
Marcelo Mirisola,Marcelo Mirisola,https://pt.wikipedia.org/wiki/Marcelo_Mirisola,https://upload.wikimedia.org/wikipedia/commons/8/82/Marcelo_Mirisola_por_Jo%C3%A3o_Marcondes.jpg
Marcelo Rubens Paiva,Marcelo Rubens Paiva,https://pt.wikipedia.org/wiki/Marcelo_Rubens_Paiva,https://upload.wikimedia.org/wikipedia/commons/8/80/Marcelo_Rubens_Paiva.jpg
Margarete Solange,Margarete Solange,https://pt.wikipedia.org/wiki/Margarete_Solange,
Marina Colasanti,Marina Colasanti,https://pt.wikipedia.org/wiki/Marina_Colasanti,https://upload.wikimedia.org/wikipedia/commons/c/cf/Marina-Colasanti-rs.jpg
Mário Prata,Mário Prata,https://pt.wikipedia.org/wiki/M%C3%A1rio_Prata,https://upload.wikimedia.org/wikipedia/commons/2/27/Ficheiro%3A_M%C3%A1rio_Prata.jpg
Mário Ribeiro da Cruz,Mário Ribeiro da Cruz,https://pt.wikipedia.org/wiki/M%C3%A1rio_Ribeiro_da_Cruz,
Miguel M. Abrahão,Miguel M. Abrahão,https://pt.wikipedia.org/wiki/Miguel_M._Abrah%C3%A3o,
Millôr Fernandes,Millôr Fernandes,https://pt.wikipedia.org/wiki/Mill%C3%B4r_Fernandes,https://upload.wikimedia.org/wikipedia/commons/e/ee/Millor_Fernandes_por_Cynthia_Brito.jpg
Moacyr Scliar,Moacyr Scliar,https://pt.wikipedia.org/wiki/Moacyr_Scliar,https://upload.wikimedia.org/wikipedia/commons/4/40/Moacir_Scliar.jpg
Modesto Carone,Modesto Carone,https://pt.wikipedia.org/wiki/Modesto_Carone,
Murilo Rubião,Murilo Rubião,https://pt.wikipedia.org/wiki/Murilo_Rubi%C3%A3o,
Nélida Piñon,Nélida Piñon,https://pt.wikipedia.org/wiki/N%C3%A9lida_Pi%C3%B1on,https://upload.wikimedia.org/wikipedia/commons/3/31/Nelida_Pinon_by_Elisa_Cabot.jpg
Nelson Motta,Nelson Motta,https://pt.wikipedia.org/wiki/Nelson_Motta,https://upload.wikimedia.org/wikipedia/commons/9/93/Nelson_Motta_(4863183235).jpg
Olavo de Carvalho,Olavo de Carvalho,https://pt.wikipedia.org/wiki/Olavo_de_Carvalho,https://upload.wikimedia.org/wikipedia/commons/1/15/Olavo_de_Carvalho_em_2013.png
Olga Savary,Olga Savary,https://pt.wikipedia.org/wiki/Olga_Savary,
Otto Lara Resende,Otto Lara Resende,https://pt.wikipedia.org/wiki/Otto_Lara_Resende,https://upload.wikimedia.org/wikipedia/commons/d/d3/Otto_Lara_Resende_(1964).tif
Osman Lins,Osman Lins,https://pt.wikipedia.org/wiki/Osman_Lins,https://upload.wikimedia.org/wikipedia/commons/6/6f/Osman_Lins.png
Paulo Aquarone,Paulo Aquarone,https://pt.wikipedia.org/wiki/Paulo_Aquarone,
Paulo Coelho,Paulo Coelho,https://pt.wikipedia.org/wiki/Paulo_Coelho,https://upload.wikimedia.org/wikipedia/commons/a/a7/Paulo_Coelho_30102007.jpg
Paulo Leminski,Paulo Leminski,https://pt.wikipedia.org/wiki/Paulo_Leminski,https://upload.wikimedia.org/wikipedia/commons/1/10/%E2%80%8E
Paulo Lins,Paulo Lins,https://pt.wikipedia.org/wiki/Paulo_Lins,
Paulo Mendes Campos,Paulo Mendes Campos,https://pt.wikipedia.org/wiki/Paulo_Mendes_Campos,https://upload.wikimedia.org/wikipedia/commons/4/43/Paulo_Mendes_Campos_(1958).tiff
Paulinho Assunção,Paulinho Assunção,https://pt.wikipedia.org/wiki/Paulinho_Assun%C3%A7%C3%A3o,
Pedro Bandeira,Pedro Bandeira,https://pt.wikipedia.org/wiki/Pedro_Bandeira,https://upload.wikimedia.org/wikipedia/commons/9/93/Pedro_Bandeira_3.JPG
Pedro Nava,Pedro Nava,https://pt.wikipedia.org/wiki/Pedro_Nava,https://upload.wikimedia.org/wikipedia/commons/9/9b/Pedro_Nava_(1953).tif
Per Johns,Per Johns,https://pt.wikipedia.org/wiki/Per_Johns,
Raduan Nassar,Raduan Nassar,https://pt.wikipedia.org/wiki/Raduan_Nassar,https://upload.wikimedia.org/wikipedia/commons/c/cd/RaduanNassar.jpg
Reinaldo Moraes,Reinaldo Moraes,https://pt.wikipedia.org/wiki/Reinaldo_Moraes,https://upload.wikimedia.org/wikipedia/commons/7/70/Reinaldo_moraes_provocacoes.jpg
Renard Perez,Renard Perez,https://pt.wikipedia.org/wiki/Renard_Perez,
Ricardo Ramos,Ricardo Ramos,https://pt.wikipedia.org/wiki/Ricardo_Ramos,
Ronald Claver,Ronald Claver,https://pt.wikipedia.org/wiki/Ronald_Claver,
Roberto Drummond,Roberto Drummond,https://pt.wikipedia.org/wiki/Roberto_Drummond,
Rubem Braga,Rubem Braga,https://pt.wikipedia.org/wiki/Rubem_Braga,https://upload.wikimedia.org/wikipedia/commons/4/44/Newton_Braga_e_Rubem_Braga.jpg
Rubem Fonseca,Rubem Fonseca,https://pt.wikipedia.org/wiki/Rubem_Fonseca,
Rui Calisto,Rui Calisto,https://pt.wikipedia.org/wiki/Rui_Calisto,
Ruth Rocha,Ruth Rocha,https://pt.wikipedia.org/wiki/Ruth_Rocha,
Ruy Castro,Ruy Castro,https://pt.wikipedia.org/wiki/Ruy_Castro,https://upload.wikimedia.org/wikipedia/commons/8/84/Ruy_castro2.jpg
Salomão Sousa,Salomão Sousa,https://pt.wikipedia.org/wiki/Salom%C3%A3o_Sousa,
Samuel Rawet,Samuel Rawet,https://pt.wikipedia.org/wiki/Samuel_Rawet,
Sérgio Sant'Anna,Sérgio Sant'Anna,https://pt.wikipedia.org/wiki/S%C3%A9rgio_Sant%27Anna,
Silviano Santiago,Silviano Santiago,https://pt.wikipedia.org/wiki/Silviano_Santiago,https://upload.wikimedia.org/wikipedia/commons/4/4d/Silviano_Santiago.JPG
Thales de Andrade,Thales de Andrade,https://pt.wikipedia.org/wiki/Thales_de_Andrade,
Yara Cecim,Yara Cecim,https://pt.wikipedia.org/wiki/Yara_Cecim,
Zélia Gattai,Zélia Gattai,https://pt.wikipedia.org/wiki/Z%C3%A9lia_Gattai,
Zulmira Ribeiro Tavares,Zulmira Ribeiro Tavares,https://pt.wikipedia.org/wiki/Zulmira_Ribeiro_Tavares,
André Vianna,André Vianna,https://pt.wikipedia.org/wiki/Andr%C3%A9_Vianna,https://upload.wikimedia.org/wikipedia/commons/2/2d/Andr%C3%A9_Luiz_Lopes_Vianna
Adriana Falcão,Adriana Falcão,https://pt.wikipedia.org/wiki/Adriana_Falc%C3%A3o,https://upload.wikimedia.org/wikipedia/commons/6/6b/Adrianafalcao_ziraldo.jpg
Adriana Lisboa,Adriana Lisboa,https://pt.wikipedia.org/wiki/Adriana_Lisboa,
Amílcar Bettega Barbosa,Amílcar Bettega Barbosa,https://pt.wikipedia.org/wiki/Am%C3%ADlcar_Bettega_Barbosa,
Andréa del Fuego,Andréa del Fuego,https://pt.wikipedia.org/wiki/Andr%C3%A9a_del_Fuego,https://upload.wikimedia.org/wikipedia/commons/8/83/Andr%C3%A9a_del_Fuego_PICT2773.jpg
André Sant'Anna,André Sant'Anna,https://pt.wikipedia.org/wiki/Andr%C3%A9_Sant%27Anna,
Celso Kallarrari,Celso Kallarrari,https://pt.wikipedia.org/wiki/Celso_Kallarrari,https://upload.wikimedia.org/wikipedia/commons/7/74/lan%C3%A7amento_do_romance_%22O_Ritual_dos_Chrys%C3%A2ntemos%22.jpg
Christiane Tassis,Christiane Tassis,https://pt.wikipedia.org/wiki/Christiane_Tassis,
Cintia Moscovich,Cintia Moscovich,https://pt.wikipedia.org/wiki/Cintia_Moscovich,
Clarah Averbuck,Clarah Averbuck,https://pt.wikipedia.org/wiki/Clarah_Averbuck,https://upload.wikimedia.org/wikipedia/commons/8/88/Conexoes_20160401_0003_(25905118310)_(cropped).jpg
Daniel Galera,Daniel Galera,https://pt.wikipedia.org/wiki/Daniel_Galera,https://upload.wikimedia.org/wikipedia/commons/b/bc/Daniel_galera.jpg
Daniel Pellizzari,Daniel Pellizzari,https://pt.wikipedia.org/wiki/Daniel_Pellizzari,
Fernanda Young,Fernanda Young,https://pt.wikipedia.org/wiki/Fernanda_Young,https://upload.wikimedia.org/wikipedia/commons/2/24/Fernanda-young-escritora-e-apresentadora-1264703717443_300x300.jpg
Fernando Bonassi,Fernando Bonassi,https://pt.wikipedia.org/wiki/Fernando_Bonassi,
Fernando Molica,Fernando Molica,https://pt.wikipedia.org/wiki/Fernando_Molica,https://upload.wikimedia.org/wikipedia/commons/d/d5/Ficheiro%3AFernando_molica_tvbrasil.jpg
Índigo (escritora),Índigo (escritora),https://pt.wikipedia.org/wiki/%C3%8Dndigo_(escritora),
Ivana Arruda Leite,Ivana Arruda Leite,https://pt.wikipedia.org/wiki/Ivana_Arruda_Leite,
Ivan Sant'anna,Ivan Sant'anna,https://pt.wikipedia.org/wiki/Ivan_Sant%27anna,
João Paulo Cuenca,João Paulo Cuenca,https://pt.wikipedia.org/wiki/Jo%C3%A3o_Paulo_Cuenca,https://upload.wikimedia.org/wikipedia/commons/d/d5/Ficheiro%3AJoao_Paulo_Cuenca_Buchmesse.JPG
Joca Reiners Terron,Joca Reiners Terron,https://pt.wikipedia.org/wiki/Joca_Reiners_Terron,
Leonardo de Moraes,Leonardo de Moraes,https://pt.wikipedia.org/wiki/Leonardo_de_Moraes,
Letícia Wierzchowski,Letícia Wierzchowski,https://pt.wikipedia.org/wiki/Let%C3%ADcia_Wierzchowski,https://upload.wikimedia.org/wikipedia/commons/c/c1/Leticiaw_bsb.jpg
Luis Eduardo Matta,Luis Eduardo Matta,https://pt.wikipedia.org/wiki/Luis_Eduardo_Matta,https://upload.wikimedia.org/wikipedia/commons/0/09/Luis_Eduardo_Matta_2009.jpg
Luiz Alfredo Garcia-Roza,Luiz Alfredo Garcia-Roza,https://pt.wikipedia.org/wiki/Luiz_Alfredo_Garcia-Roza,
Luiz Ruffato,Luiz Ruffato,https://pt.wikipedia.org/wiki/Luiz_Ruffato,
Marçal Aquino,Marçal Aquino,https://pt.wikipedia.org/wiki/Mar%C3%A7al_Aquino,https://upload.wikimedia.org/wikipedia/commons/0/08/Marcalaquino_tvbrasil.jpg
Marcelino Freire,Marcelino Freire,https://pt.wikipedia.org/wiki/Marcelino_Freire,https://upload.wikimedia.org/wikipedia/commons/0/01/Marcelino_Freire.jpg
Mário Bortolotto,Mário Bortolotto,https://pt.wikipedia.org/wiki/M%C3%A1rio_Bortolotto,https://upload.wikimedia.org/wikipedia/commons/a/aa/M%C3%A1rio_Bortolotto.jpg
Miguel Sanches Neto,Miguel Sanches Neto,https://pt.wikipedia.org/wiki/Miguel_Sanches_Neto,
Milton Hatoum,Milton Hatoum,https://pt.wikipedia.org/wiki/Milton_Hatoum,https://upload.wikimedia.org/wikipedia/commons/1/1c/Milton_hatoum_tvbrasil.jpg
Nelson de Oliveira,Nelson de Oliveira,https://pt.wikipedia.org/wiki/Nelson_de_Oliveira,https://upload.wikimedia.org/wikipedia/commons/b/b0/Nelson_de_Oliveira%2C_2012.jpg
Patrícia Melo,Patrícia Melo,https://pt.wikipedia.org/wiki/Patr%C3%ADcia_Melo,
Paulo Scott,Paulo Scott,https://pt.wikipedia.org/wiki/Paulo_Scott,
Ronaldo Cagiano,Ronaldo Cagiano,https://pt.wikipedia.org/wiki/Ronaldo_Cagiano,
Santiago Nazarian,Santiago Nazarian,https://pt.wikipedia.org/wiki/Santiago_Nazarian,
Simone Campos,Simone Campos,https://pt.wikipedia.org/wiki/Simone_Campos,https://upload.wikimedia.org/wikipedia/commons/2/2b/Simone_Campos.jpg
Sonia Sant'Anna,Sonia Sant'Anna,https://pt.wikipedia.org/wiki/Sonia_Sant%27Anna,
Thales Guaracy,Thales Guaracy,https://pt.wikipedia.org/wiki/Thales_Guaracy,
Thaynara Henrique,Thaynara Henrique,https://pt.wikipedia.org/wiki/Thaynara_Henrique,
Vicente Franz Cecim,Vicente Franz Cecim,https://pt.wikipedia.org/wiki/Vicente_Franz_Cecim,
Xico Sá,Xico Sá,https://pt.wikipedia.org/wiki/Xico_S%C3%A1,
Zé Rodrix,Zé Rodrix,https://pt.wikipedia.org/wiki/Z%C3%A9_Rodrix,https://upload.wikimedia.org/wikipedia/commons/a/a1/Ficheiro%3AS%C3%A1%2C_Rodrix_e_Guarabyra%2C_Teatro_Municipal_(2446101163).jpg
Angélica Freitas,Angélica Freitas,https://pt.wikipedia.org/wiki/Ang%C3%A9lica_Freitas,
Annita Costa Malufe,Annita Costa Malufe,https://pt.wikipedia.org/wiki/Annita_Costa_Malufe,
Carlito Azevedo,Carlito Azevedo,https://pt.wikipedia.org/wiki/Carlito_Azevedo,
Carlos Eduardo Drummond,Carlos Eduardo Drummond,https://pt.wikipedia.org/wiki/Carlos_Eduardo_Drummond,
Carlos Lima,Carlos Lima,https://pt.wikipedia.org/wiki/Carlos_Lima,https://upload.wikimedia.org/wikipedia/commons/7/79/Ficheiro%3ACarlos_Lima.jpg
Claudio Daniel,Claudio Daniel,https://pt.wikipedia.org/wiki/Claudio_Daniel,
Delmo Montenegro,Delmo Montenegro,https://pt.wikipedia.org/wiki/Delmo_Montenegro,
Fabiano Calixto,Fabiano Calixto,https://pt.wikipedia.org/wiki/Fabiano_Calixto,
Fabrício Carpinejar,Fabrício Carpinejar,https://pt.wikipedia.org/wiki/Fabr%C3%ADcio_Carpinejar,https://upload.wikimedia.org/wikipedia/commons/d/df/Carpinejar_culturars_remix.jpg
Fabio Weintraub,Fabio Weintraub,https://pt.wikipedia.org/wiki/Fabio_Weintraub,
Horacio Costa,Horacio Costa,https://pt.wikipedia.org/wiki/Horacio_Costa,
Micheliny Verunschk,Micheliny Verunschk,https://pt.wikipedia.org/wiki/Micheliny_Verunschk,
Paulo Ferraz,Paulo Ferraz,https://pt.wikipedia.org/wiki/Paulo_Ferraz,https://upload.wikimedia.org/wikipedia/commons/8/83/File%3APaulo_Ferraz.jpg
Paulo Henriques Britto,Paulo Henriques Britto,https://pt.wikipedia.org/wiki/Paulo_Henriques_Britto,https://upload.wikimedia.org/wikipedia/commons/f/fc/Paulo_Henriques_Britto_PICT2393.jpg
Tarso de Melo,Tarso de Melo,https://pt.wikipedia.org/wiki/Tarso_de_Melo,
Virna Teixeira,Virna Teixeira,https://pt.wikipedia.org/wiki/Virna_Teixeira,
